certification_id,certification_title,institute
Acc-Eng,Accredited Engineer,NULL
BCMS,Business Continuity Management Solution,NULL
CEH,Certified Ethical Hacker (CEH),NULL
InTen,Introduction to Tenable.io,NULL
CCSK,Certificate of Cloud Security Knowledge,NULL
CDPSE,Certified Data Privacy Solutions Engineer,NULL
CRISC,Certified in Risk and Information Systems Control,NULL
CISM,Certified Information Security Manager,NULL
CISA,Certified Information Systems Auditor,NULL
CC,Crtified in Cybersecurity,NULL
GRCP-A,GRC Professional - Auditor,NULL
ISMS-LA,Information Security Management System - Lead Auditor,NULL
GXPN,"Certificate of Completion Advanced Penetration Testing, Exploit Writing, and Ethical Hacking",NULL
CEH,Certified Ethical Hacker (CEH),NULL
CySA+,CompTIA CySA+ ce Certification,NULL
CSAP,CompTIA Security Analytics Professional – CSAP Stackable Certification,NULL
SeCE,CompTIA Security+ ce Certification,NULL
TWTC,Tripwire Enterprise Training Certification,NULL
CSXF,CSX Cybersecurity Fundamentals Certificate,NULL
ITIL,ITIL Foundation Level,NULL
MSO,Microsoft Office Specialist: Microsoft Office Specialist on Microsoft Office 2016 Certification,NULL
RedHat,Red Hat Certified System Administrator in Red Hat OpenStack,NULL
ACP,Agile Certified Practitioner,NULL
CISM,Certified Information Security Manager,NULL
CISA,Certified Information Systems Auditor,NULL
Cloud,Cloud Certification,NULL
DevOps,DevOps Practices and Principles,NULL
IoT,Internet of Things Certification,NULL
ITIL,ITIL 4 Foundation CPD,NULL
LPIC,Linux Professional Institute Certification,NULL
MCSA,MCSA: Web Applications - Certified 2020,NULL
MCSD,MCSD: App Builder — Certified 2020,NULL
MCSE,MCSE: Data Management and Analytics — Certified 2020,NULL
MCP,Microsoft Certified Professional,NULL
MCT,Microsoft Certified Trainer 2020-2021,NULL
PMP,Project Management Professional,NULL
RMP,Risk Management Professional,NULL
TOGAF,The Open Group Architecture Framework,NULL
CISM,Certified Information Security Manager,NULL
CISSP,Certified Information Systems Security Professional,NULL
GIAC,GIAC Security Essentials (GSEC) certification,NULL
ITIL,Information Technology Infrastructure Library,NULL
PMP,Project Management Professional,NULL
BCMS,Business Continuity Management Solution,NULL
CISM,Certified Information Security Manager,NULL
CISA,Certified Information Systems Auditor,NULL
CDPO,GDPR- Certified Data Protection Officer,NULL
ISMS,Information Security Management System,NULL
SIEM,Security Information and Event Management System,NULL
CEH,Certified Ethical Hacker,NULL
CISM,Certified Information Security Manager,NULL
CNDA,Certified Network Defense Architect,NULL
CISM,Certified Information Security Manager,NULL
CYSA,CompTIA Cybersecurity Analyst,NULL
SEC,CompTIA Security+,NULL
ECHI,EC-Council Certified Incident Handler v2,NULL
ECIH,EC-Council Certified Incident Handler v2,NULL
NSE,Network Security Associate,NULL
Vmware,"VMware vSphere: Install, Configure, Manage",NULL
ZCCA-IA,Zscaler Certified Cloud Administrator Internet Access,NULL
No Certification,No Certification,NULL
ACE,AccessData Certified Examiner,NULL
CRISC,Certified in Risk and Information Systems Control,NULL
CISM,Certified Information Security Manager,NULL
ISO-22301,Certified ISO 22301:2012 Lead Implementer,NULL
CCNA,Cisco Certified Network Associate,NULL
COBIT-5,COBIT 5 Foundation Certificate,NULL
CME,General Securities Qualification Examination,NULL
GCIH,GIAC Certified Incident Handler,NULL
GSTRT,"GIAC Strategic Planning, Policy, and Leadership",NULL
ITIL,Information Technology Infrastructure Library,NULL
ISO-27001-LI,ISO/IEC 27001:2013 Lead Implementer,NULL
TOGAF-9,TOGAF 9 Certified,NULL
CRISC,Certified In Risk and Information Systems Control,NULL
CISM,Certified Information Security Manager,NULL
CISA,Certified Information Systems Auditor,NULL
ISO-27001-LA,ISO 27001 Lead Auditor - Information Security Certification,NULL
ArcSight-CAI,ArcSight Certified Advanced Integrator/Admin,NULL
ArcSight-CAS,ArcSight Certified Advanced Security Analyst,NULL
CDSE,Certified Data Privacy Solutions Engineer,NULL
CRISC,Certified in Risk and Information Systems Control,NULL
CISM,Certified Information Security Manager,NULL
ITIL,Information Technology Infrastructure Library,NULL
IALP,Internal Audit Leadership Program,NULL
No Certification,No Certification,NULL
No Certification,No Certification,NULL
CISCO-CE,Cybersecurity Essentials,NULL
GCCC,GIAC Critical Controls Certification,NULL
SEC566,Implementing and Auditing Security Frameworks and Controls Course,NULL
ITIL,Information Technology Infrastructure Library,NULL
Splunk,Splunk 7.x Fundamentals 1,NULL
ITSM,Foundation Certificate in IT Service Management,NULL
INTRO-SPLUNK,Intro to Splunk (eLearning),NULL
INTRO-CS,Introduction To CyberSecurity,NULL
ITIL,Information Technology Infrastructure Library,NULL
PEN-TESTER,Penetration Tester,NULL
PEN-TESTER,Penetration Tester,NULL
SAMA-SEC-19,SAMA Secure 19 Program,NULL
SPLUNK,Splunk Fundamentals Part 1,NULL
OSCP,OffSec Certified Professional,NULL
CISM,Certified Information Security Manager,NULL
CISSP,Certified Information Systems Security Professional,NULL
PMP,Project Management Professional,NULL
I20,ISO 20000 Lead Auditor - IT Service Certification,NULL
I27,ISO 27001 Lead Auditor - Information Security Certification,NULL
ITF,IT Information Library Foundations Certification (ITIL),NULL
INM,Program Certificate in Innovation Management,NULL
LDP,Program Certificate in Leadership,NULL
STM,Program Certificate in Strategic Management,NULL
PMP,Project Management Professional (PMP),NULL
AISec,AI Security & Governananc,NULL
CEH,Certified Ethical Hacker (CEH),NULL
CISM,Certified Information Security Manager,NULL
ITF,ITIL Foundation Level,NULL
CISM,Certified Information Security Manager,NULL
CISA,Certified Information Systems Auditor,NULL
SecuritySentinel,Certified Security Sentinel,NULL
VulnerabilityAssessor,Certified Vulnerability Assessor,NULL
CCSE,Cisco Cyber Security Essentials ,NULL
ISM,Information Security Management Principles (CISMP),NULL
ILA,ISMS Lead Auditor,NULL
ITS,ISO/IEC 20000:2011 Information Technology Service Management Implementation,NULL
ITF,ITIL 2011 Foundation,NULL
PMI,Project Management Institute,NULL
SEC,Security+,NULL
CISM,Certified Information Security Manager,NULL
CloudEssential,CompTIA Cloud Essentials,NULL
QRA,IBM Certified Associate Administrator - IBM QRadar SIEM V7.3.2,NULL
ICP,IBM Cloud Pak for Security V1.x Administrator Specialty,NULL
CNS,ICSI | CNSS Certified Network Security Specialist,NULL
IRH,Information Security Incident Handling,NULL
NS1,NSE 1 Network Security Associate,NULL
NS1,NSE 2 Network Security Associate,NULL
SPK,Splunk 7.x Fundamentals Part 1,NULL
DigitalForensics,Certified Digital Forensics Professional,NULL
IncidentResponder,Certified Incident Responder,NULL
ThreatJunting,Certified Threat Hunting Professional,NULL
QRA,IBM Certified Associate Administrator – Security QRadar SIEM V7.2.8,NULL
CNS,ICSI | CNSS Certified Network Security Specialist,NULL
MCP,MCPS: Microsoft Certified Professional,NULL
NS2,NSE1 – Network Security Associate,NULL
NS2,NSE2 – Network Security Associate,NULL
CNS,Understanding Cisco Network Security,NULL
CND,Understanding of Cisco Network Devices,NULL
CCNA,CCNA: Cisco Certified Network Associate,NULL
CEH,Certified Ethical Hacker (CEH),NULL
IncidentResponder,Certified Incident Responder,NULL
CISM,Certified Information Security Manager,NULL
CCNA,Cisco Certified Network Associate,NULL
HackForensic,Computer Hacking Forensic Investigator,NULL
ITF,ITIL V4 Foundation Certificate in IT Service Management,NULL
RBF,Retail Banking Foundations Professional Exam – Second Edition,NULL
S54,"SEC504: Hacker Tools, Techniques, and Incident Handling",NULL
CISSP,Certified Information Systems Security Professional,NULL
GSP,"GIAC Strategic Planning, Policy, and Leadership (GSTRT)",NULL
INB,INSEAD Banker Manager Programme,NULL
RAC,RSA Archer Certified Administrator (RSA/CA),NULL
CCNA,Cisco Certified Network Associate,NULL
CyberLeader,CISO500 Programme – Empowering Cybersecurity Leaders,NULL
PenTest,CompTIA PenTest+,NULL
CC,Crtified in Cybersecurity,NULL
CSF,Cyber-Security Framework,NULL
DBA,Database Administration,NULL
ITS,IT Strategy,NULL
PMT,Project Management,NULL
SAP,SAP,NULL
SWA,Software Architect,NULL
BlockChain,Blockchain Developer Bootcamp,NULL
CEH,Certified Ethical Hacker,NULL
OCA,Oracle Certified Associate,NULL
PR2,PRINCE2,NULL
DBP,Databricks Certified Data Engineer Professional,NULL
KAF,Kafka Essential Training,NULL
SPC,SnowPro Core Certification,NULL
ApacheKafka,Confluent Certified Developer for Apache Kafka,NULL
BCMS,Business Continuity Management Solution,NULL
CISM,Certified Information Security Manager,NULL
CISA,Certified Information Systems Auditor,NULL
CRISC,Certified in Risk and Information Systems Control,NULL
CISM,Certified Information Security Manager,NULL
CISSP,Certified Information Systems Security Professional,NULL
CISSP,Certified Information Systems Security Professional,NULL
CISM,Certified Information Security Manager,NULL
BCMS,Business Continuity Management Solution,NULL
CISSP,Certified Information Systems Security Professional,NULL
CISM,Certified Information Security Manager,NULL
CISA,Certified Information Systems Auditor,NULL
CCNA,Cisco Certified Network Associate,NULL
CCSK,Certificate of Cloud Security Knowledge,NULL
CEH,Certified Ethical Hacker,NULL
CISM,Certified Information Security Manager,NULL
CISM,Certified Information Security Manager,NULL
CISM,Certified Information Security Manager,NULL
CCNA,Cisco Certified Network Associate,NULL
CISM,Certified Information Security Manager,NULL
CDPSE,Certified Data Privacy Solutions Engineer,NULL
CRISC,Certified in Risk and Information Systems Control,NULL
CEH,Certified Ethical Hacker,NULL
CISM,Certified Information Security Manager,NULL
CISA,Certified Information Systems Auditor,NULL
CC,Crtified in Cybersecurity,NULL
CEH,Certified Ethical Hacker,NULL
CISSP,Certified Information Systems Security Professional,NULL
CISM,Certified Information Security Manager,NULL
CISM ,Certified Information Security Manager,NULL
CDPSE,Certified Data Privacy Solutions Engineer,NULL
CISM ,Certified Information Security Manager,NULL
CISA,Certified Information Systems Auditor,NULL
CEH,Certified Ethical Hacker,NULL
CISM,Certified Information Security Manager,NULL
CDPSE,Certified Data Privacy Solutions Engineer,NULL
CEH,Certified Ethical Hacker,NULL
CEH,Certified Ethical Hacker,NULL
CEH,Certified Ethical Hacker,NULL
CEH,Certified Ethical Hacker,NULL
CISA,Certified Information Systems Auditor,NULL
CISSP,Certified Information Systems Security Professional,NULL
CEH,Certified Ethical Hacker,NULL
CEH,Certified Ethical Hacker,NULL
CISSP,Certified Information Systems Security Professional,NULL
CCNA,Cisco Certified Network Associate,NULL
CC,Crtified in Cybersecurity,NULL
CCNA,Cisco Certified Network Associate,NULL
CISSP,Certified Information Systems Security Professional,NULL
CISSP,Certified Information Systems Security Professional,NULL
CEH,Certified Ethical Hacker,NULL
CCNA,Cisco Certified Network Associate,NULL
CCNA,Cisco Certified Network Associate,NULL
CEH,Certified Ethical Hacker,NULL
CISSP,Certified Information Systems Security Professional,NULL
CCNA,Cisco Certified Network Associate,NULL
CC,Crtified in Cybersecurity,NULL
CCNA,Cisco Certified Network Associate,NULL
CCNA,Cisco Certified Network Associate,NULL
CDPSE,Certified Data Privacy Solutions Engineer,NULL
CRISC,Certified in Risk and Information Systems Control,NULL
CISM,Certified Information Security Manager,NULL
CISA,Certified Information Systems Auditor,NULL
CISA,Certified Information Systems Auditor,NULL
CISSP,Certified Information Systems Security Professional,NULL
CC,Crtified in Cybersecurity,NULL
CISM,Certified Information Security Manager,NULL
CEH,Certified Ethical Hacker,NULL
CDPSE,Certified Data Privacy Solutions Engineer,NULL
CRISC,Certified in Risk and Information Systems Control,NULL
CISM,Certified Information Security Manager,NULL
CISA,Certified Information Systems Auditor,NULL
CISSP,Certified Information Systems Security Professional,NULL
CISM,Certified Information Security Manager,NULL
CC,Crtified in Cybersecurity,NULL
CDPSE,Certified Data Privacy Solutions Engineer,NULL
CISM,Certified Information Security Manager,NULL
CISA,Certified Information Systems Auditor,NULL
CISSP,Certified Information Systems Security Professional,NULL
CCNA,Cisco Certified Network Associate,NULL
BCMS,Business Continuity Management Solution,NULL
CISM,Certified Information Security Manager,NULL
CCNA,Cisco Certified Network Associate,NULL
CRISC,Certified in Risk and Information Systems Control,NULL
CISM,Certified Information Security Manager,NULL
CISA,Certified Information Systems Auditor,NULL
CCNA,Cisco Certified Network Associate,NULL
CEH,Certified Ethical Hacker,NULL
CISSP,Certified Information Systems Security Professional,NULL
CCNA,Cisco Certified Network Associate,NULL
CISM,Certified Information Security Manager,NULL
CISSP,Certified Information Systems Security Professional,NULL
CCNA,Cisco Certified Network Associate,NULL
CEH,Certified Ethical Hacker,NULL
CISM,Certified Information Security Manager,NULL
CISSP,Certified Information Systems Security Professional,NULL
CEH,Certified Ethical Hacker,NULL
CC,Crtified in Cybersecurity,NULL
CISM,Certified Information Security Manager,NULL
CCNA,Cisco Certified Network Associate,NULL
CEH,Certified Ethical Hacker,NULL
SMP-IAI,Introduction to Artificial Intelligence,NULL
CISA,Certified Information Systems Auditor,NULL
CRISC,Certified in Risk and Information Systems Control,NULL
CISM,Certified Information Security Manager,NULL
CEH,Certified Ethical Hacker,NULL
CCNA,Cisco Certified Network Associate,NULL
CISSP,Certified Information Systems Security Professional,NULL
CEH,Certified Ethical Hacker,NULL
CRISC,Certified in Risk and Information Systems Control,NULL
CISM,Certified Information Security Manager,NULL
CISA,Certified Information Systems Auditor,NULL
CISM,Certified Information Security Manager,NULL
CISA,Certified Information Systems Auditor,NULL
CISSP,Certified Information Systems Security Professional,NULL
CCNA,Cisco Certified Network Associate,NULL
CEH,Certified Ethical Hacker,NULL
CCNA,Cisco Certified Network Associate,NULL
CCNA,Cisco Certified Network Associate,NULL
CEH,Certified Ethical Hacker,NULL
CCNA,Cisco Certified Network Associate,NULL
CEH,Certified Ethical Hacker,NULL
CISSP,Certified Information Systems Security Professional,NULL
CCNA,Cisco Certified Network Associate,NULL
CCNA,Cisco Certified Network Associate,NULL
CCNA,Cisco Certified Network Associate,NULL
CEH,Certified Ethical Hacker,NULL
CISM,Certified Information Security Manager,NULL
CISM,Certified Information Security Manager,NULL
CC,Crtified in Cybersecurity,NULL
CCNA,Cisco Certified Network Associate,NULL
CEH,Certified Ethical Hacker,NULL
CCNA,Cisco Certified Network Associate,NULL
ACE,AccessData Certified Examiner,NULL
ACE,AccessData Certified Examiner,NULL
CISSP,Certified Information Systems Security Professional,NULL
BCMS,Business Continuity Management Solution,NULL
CEH,Certified Ethical Hacker,NULL
CRISC,Certified in Risk and Information Systems Control,NULL
CCNA,Cisco Certified Network Associate,NULL
CCNA,Cisco Certified Network Associate,NULL
ACE,AccessData Certified Examiner,NULL
CRISC,Certified in Risk and Information Systems Control,NULL
CISM,Certified Information Security Manager,NULL
CISSP,Certified Information Systems Security Professional,NULL
CISSP,Certified Information Systems Security Professional,NULL
CCNA,Cisco Certified Network Associate,NULL
CISSP,Certified Information Systems Security Professional,NULL
CEH,Certified Ethical Hacker,NULL
CC,Crtified in Cybersecurity,NULL
CC,Crtified in Cybersecurity,NULL
CCNA,Cisco Certified Network Associate,NULL
CISM,Certified Information Security Manager,NULL
CISA,Certified Information Systems Auditor,NULL
CEH,Certified Ethical Hacker,NULL
CEH,Certified Ethical Hacker,NULL
CISM,Certified Information Security Manager,NULL
CCNA,Cisco Certified Network Associate,NULL
CCNA ,Cisco Certified Network Associate,NULL
CCNA,Cisco Certified Network Associate,NULL
CC,Crtified in Cybersecurity,NULL
CEH,Certified Ethical Hacker,NULL
CISM,Certified Information Security Manager,NULL
CCNA,Cisco Certified Network Associate,NULL
CC,Crtified in Cybersecurity,NULL
CEH,Certified Ethical Hacker,NULL
CCNA,Cisco Certified Network Associate,NULL
CCNA ,Cisco Certified Network Associate,NULL
CCNA,Cisco Certified Network Associate,NULL
CCNA,Cisco Certified Network Associate,NULL
CCNA,Cisco Certified Network Associate,NULL
CISA,Certified Information Systems Auditor,NULL
CRISC,Certified in Risk and Information Systems Control,NULL
CISM,Certified Information Security Manager,NULL
CCNA,Cisco Certified Network Associate,NULL
CCNA,Cisco Certified Network Associate,NULL
CDPSE,Certified Data Privacy Solutions Engineer,NULL
CDPSE,Certified Data Privacy Solutions Engineer,NULL
CEH,Certified Ethical Hacker,NULL
CISM,Certified Information Security Manager,NULL
CCNA,Cisco Certified Network Associate,NULL
ACE,AccessData Certified Examiner,NULL
CISSP,Certified Information Systems Security Professional,NULL
CISA,Certified Information Systems Auditor,NULL
CISSP,Certified Information Systems Security Professional,NULL
CISA,Certified Information Systems Auditor,NULL
CISSP,Certified Information Systems Security Professional,NULL
CEH,Certified Ethical Hacker,NULL
CRISC,Certified in Risk and Information Systems Control,NULL
CISA,Certified Information Systems Auditor,NULL
CISSP,Certified Information Systems Security Professional,NULL
CISA,Certified Information Systems Auditor,NULL
CISA,Certified Information Systems Auditor,NULL
CRISC,Certified in Risk and Information Systems Control,NULL
CISM,Certified Information Security Manager,NULL
CISSP,Certified Information Systems Security Professional,NULL
CCNA ,Cisco Certified Network Associate,NULL
CISA,Certified Information Systems Auditor,NULL
CRISC,Certified in Risk and Information Systems Control,NULL
CISA,Certified Information Systems Auditor,NULL
CISM,Certified Information Security Manager,NULL
CISA,Certified Information Systems Auditor,NULL
ACA,ACA Cloud Computing Certification,NULL
CRISC,Certified in Risk and Information Systems Control,NULL
CISA,Certified Information Systems Auditor,NULL
ACE,AccessData Certified Examiner,NULL
CCNA,Cisco Certified Network Associate,NULL
CEH,Certified Ethical Hacker,NULL
CISM,Certified Information Security Manager,NULL
CEH,Certified Ethical Hacker,NULL
CCNA,Cisco Certified Network Associate,NULL
CCNA,Cisco Certified Network Associate,NULL
CISSP,Certified Information Systems Security Professional,NULL
CCNA,Cisco Certified Network Associate,NULL
CCNA,Cisco Certified Network Associate,NULL
CCNA,Cisco Certified Network Associate,NULL
CCNA,Cisco Certified Network Associate,NULL
CCSK,Certificate of Cloud Security Knowledge,NULL
CEH,Certified Ethical Hacker,NULL
CEH,Certified Ethical Hacker,NULL
CISM,Certified Information Security Manager,NULL
CEH,Certified Ethical Hacker,NULL
CISA,Certified Information Systems Auditor,NULL
CISM,Certified Information Security Manager,NULL
CEH,Certified Ethical Hacker,NULL
CEH,Certified Ethical Hacker,NULL
CCNA,Cisco Certified Network Associate,NULL
CCNA,Cisco Certified Network Associate,NULL
CRISC,Certified in Risk and Information Systems Control,NULL
CCNA,Cisco Certified Network Associate,NULL
CEH,Certified Ethical Hacker,NULL
CISM,Certified Information Security Manager,NULL
CC,Crtified in Cybersecurity,NULL
CCNA,Cisco Certified Network Associate,NULL
CCNA,Cisco Certified Network Associate,NULL
CISM,Certified Information Security Manager,NULL
CEH,Certified Ethical Hacker,NULL
CC,Crtified in Cybersecurity,NULL
CCNA,Cisco Certified Network Associate,NULL
CC,Crtified in Cybersecurity,NULL
CISM,Certified Information Security Manager,NULL
CCNA,Cisco Certified Network Associate,NULL
CEH,Certified Ethical Hacker,NULL
CEH,Certified Ethical Hacker,NULL
CCNA,Cisco Certified Network Associate,NULL
CEH,Certified Ethical Hacker,NULL
CCNA,Cisco Certified Network Associate,NULL
CISM,Certified Information Security Manager,NULL
CRISC,Certified in Risk and Information Systems Control,NULL
CISSP,Certified Information Systems Security Professional,NULL
CISM,Certified Information Security Manager,NULL
CISSP,Certified Information Systems Security Professional,NULL
CCNA,Cisco Certified Network Associate,NULL
CCNA,Cisco Certified Network Associate,NULL
CISSP,Certified Information Systems Security Professional,NULL
CDPSE,Certified Data Privacy Solutions Engineer,NULL
CISM,Certified Information Security Manager,NULL
CISM,Certified Information Security Manager,NULL
CISA,Certified Information Systems Auditor,NULL
CCNA,Cisco Certified Network Associate,NULL
CEH,Certified Ethical Hacker,NULL
CEH,Certified Ethical Hacker,NULL
CRISC,Certified in Risk and Information Systems Control,NULL
CISM,Certified Information Security Manager,NULL
CCNA,Cisco Certified Network Associate,NULL
CDPSE,Certified Data Privacy Solutions Engineer,NULL
CRISC,Certified in Risk and Information Systems Control,NULL
CISM,Certified Information Security Manager,NULL
CISA,Certified Information Systems Auditor,NULL
CISSP,Certified Information Systems Security Professional,NULL
CC,Crtified in Cybersecurity,NULL
CCNA,Cisco Certified Network Associate,NULL
CRISC,Certified in Risk and Information Systems Control,NULL
CISM,Certified Information Security Manager,NULL
CEH,Certified Ethical Hacker,NULL
CISSP,Certified Information Systems Security Professional,NULL
CCNA,Cisco Certified Network Associate,NULL
CCNA,Cisco Certified Network Associate,NULL
CEH,Certified Ethical Hacker,NULL
CEH,Certified Ethical Hacker,NULL
CEH,Certified Ethical Hacker,NULL
CISM,Certified Information Security Manager,NULL
CRISC,Certified in Risk and Information Systems Control,NULL
CRISC,Certified in Risk and Information Systems Control,NULL
CCNA,Cisco Certified Network Associate,NULL
CEH,Certified Ethical Hacker,NULL
CISSP,Certified Information Systems Security Professional,NULL
CCNA,Cisco Certified Network Associate,NULL
CEH,Certified Ethical Hacker,NULL
CCNA,Cisco Certified Network Associate,NULL
CCNA,Cisco Certified Network Associate,NULL
ACC-ACC,Alibaba Cloud Certified Associate Cloud Computing,NULL
ACA,ACA Cloud Computing Certification,NULL
ACP,Agile Certified Practitioner,NULL
CISSP,Certified Information Systems Security Professional,NULL
CRISC,Certified in Risk and Information Systems Control,NULL
CISSP,Certified Information Systems Security Professional,NULL
CCNA,Cisco Certified Network Associate,NULL
CRISC,Certified in Risk and Information Systems Control,NULL
CEH,Certified Ethical Hacker,NULL
CISA,Certified Information Systems Auditor,NULL
CCNA,Cisco Certified Network Associate,NULL
CEH,Certified Ethical Hacker,NULL
CISM,Certified Information Security Manager,NULL
CISM,Certified Information Security Manager,NULL
CEH,Certified Ethical Hacker,NULL
CCNA,Cisco Certified Network Associate,NULL
CISM,Certified Information Security Manager,NULL
CCNA,Cisco Certified Network Associate,NULL
CISM,Certified Information Security Manager,NULL
CEH,Certified Ethical Hacker,NULL
CISSP,Certified Information Systems Security Professional,NULL
CEH,Certified Ethical Hacker,NULL
CEH,Certified Ethical Hacker,NULL
CEH,Certified Ethical Hacker,NULL
CEH,Certified Ethical Hacker,NULL
CEH,Certified Ethical Hacker,NULL
CEH,Certified Ethical Hacker,NULL
CEH,Certified Ethical Hacker,NULL
CEH,Certified Ethical Hacker,NULL
CEH,Certified Ethical Hacker,NULL
CEH,Certified Ethical Hacker,NULL
CEH,Certified Ethical Hacker,NULL
CEH,Certified Ethical Hacker,NULL
CEH,Certified Ethical Hacker,NULL
CEH,Certified Ethical Hacker,NULL
CEH,Certified Ethical Hacker,NULL
CEH,Certified Ethical Hacker,NULL
CEH,Certified Ethical Hacker,NULL
CEH,Certified Ethical Hacker,NULL
CEH,Certified Ethical Hacker,NULL
CEH,Certified Ethical Hacker,NULL
CEH,Certified Ethical Hacker,NULL
CEH,Certified Ethical Hacker,NULL
CEH,Certified Ethical Hacker,NULL
CEH,Certified Ethical Hacker,NULL
CEH,Certified Ethical Hacker,NULL
CEH,Certified Ethical Hacker,NULL
CEH,Certified Ethical Hacker,NULL
CEH,Certified Ethical Hacker,NULL
CCNA,Cisco Certified Network Associate,NULL
CEH,Certified Ethical Hacker,NULL
CEH,Certified Ethical Hacker,NULL
CISM,Certified Information Security Manager,NULL
CISA,Certified Information Systems Auditor,NULL
CCNA,Cisco Certified Network Associate,NULL
CC,Crtified in Cybersecurity,NULL
CCNA,Cisco Certified Network Associate,NULL
CEH,Certified Ethical Hacker,NULL
CRISC,Certified in Risk and Information Systems Control,NULL
CISM,Certified Information Security Manager,NULL
CISA,Certified Information Systems Auditor,NULL
CISSP,Certified Information Systems Security Professional,NULL
CDPSE,Certified Data Privacy Solutions Engineer,NULL
ACE,AccessData Certified Examiner,NULL
CEH,Certified Ethical Hacker,NULL
CRISC,Certified in Risk and Information Systems Control,NULL
CCNA,Cisco Certified Network Associate,NULL
CEH,Certified Ethical Hacker,NULL
CEH,Certified Ethical Hacker,NULL
ACSE,AlienVult Certified Security Engineer,NULL
CISSP,Certified Information Systems Security Professional,NULL
CEH,Certified Ethical Hacker,NULL
CISM,Certified Information Security Manager,NULL
CISM,Certified Information Security Manager,NULL
CISSP,Certified Information Systems Security Professional,NULL
CISSP,Certified Information Systems Security Professional,NULL
CISA,Certified Information Systems Auditor,NULL
CRISC,Certified in Risk and Information Systems Control,NULL
CISM,Certified Information Security Manager,NULL
CISM,Certified Information Security Manager,NULL
CISM,Certified Information Security Manager,NULL
CISSP,Certified Information Systems Security Professional,NULL
CC,Crtified in Cybersecurity,NULL
CEH,Certified Ethical Hacker,NULL
CISSP,Certified Information Systems Security Professional,NULL
CCNA,Cisco Certified Network Associate,NULL
CCNA,Cisco Certified Network Associate,NULL
CEH,Certified Ethical Hacker,NULL
CISM,Certified Information Security Manager,NULL
CISSP,Certified Information Systems Security Professional,NULL
CCNA,Cisco Certified Network Associate,NULL
CISM,Certified Information Security Manager,NULL
CISSP,Certified Information Systems Security Professional,NULL
CISSP,Certified Information Systems Security Professional,NULL
CEH,Certified Ethical Hacker,NULL
CISA,Certified Information Systems Auditor,NULL
CCNA,Cisco Certified Network Associate,NULL
CC,Crtified in Cybersecurity,NULL
CISM,Certified Information Security Manager,NULL
BCMS,Business Continuity Management Solution,NULL
CEH,Certified Ethical Hacker,NULL
CRISC,Certified in Risk and Information Systems Control,NULL
CCNA,Cisco Certified Network Associate,NULL
CDPSE,Certified Data Privacy Solutions Engineer,NULL
CEH,Certified Ethical Hacker,NULL
CRISC,Certified in Risk and Information Systems Control,NULL
CISM,Certified Information Security Manager,NULL
CISA,Certified Information Systems Auditor,NULL
CNDA,Certified Network Defense Architect,NULL
CCNA,Cisco Certified Network Associate,NULL
CEH,Certified Ethical Hacker,NULL
CISM,Certified Information Security Manager,NULL
CCNA-,Cisco Certified Network Associate,NULL
CEH,Certified Ethical Hacker,NULL
CISM,Certified Information Security Manager,NULL
CISM,Certified Information Security Manager,NULL
CEH,Certified Ethical Hacker,NULL
CRISC,Certified in Risk and Information Systems Control,NULL
CISM,Certified Information Security Manager,NULL
CISA,Certified Information Systems Auditor,NULL
CEH,Certified Ethical Hacker,NULL
CEH,Certified Ethical Hacker,NULL
CCNA,Cisco Certified Network Associate,NULL
CCNA,Cisco Certified Network Associate,NULL
CISSP,Certified Information Systems Security Professional,NULL
CISA,Certified Information Systems Auditor,NULL
CRISC,Certified in Risk and Information Systems Control,NULL
CDPSE,Certified Data Privacy Solutions Engineer,NULL
CRISC,Certified in Risk and Information Systems Control,NULL
CISM,Certified Information Security Manager,NULL
CISSP,Certified Information Systems Security Professional,NULL
CDPSE,Certified Data Privacy Solutions Engineer,NULL
CISM,Certified Information Security Manager,NULL
CCNA,Cisco Certified Network Associate,NULL
CEH,Certified Ethical Hacker,NULL
ACE,AccessData Certified Examiner,NULL
CISM,Certified Information Security Manager,NULL
CDPO,GDPR- Certified Data Protection Officer,NULL
CRISC,Certified in Risk and Information Systems Control,NULL
CISM,Certified Information Security Manager,NULL
CCNA,Cisco Certified Network Associate,NULL
CEH,Certified Ethical Hacker,NULL
SMP-IAI,Introduction to Artificial Intelligence,NULL
CISM,Certified Information Security Manager,NULL
CISA,Certified Information Systems Auditor,NULL
CISSP,Certified Information Systems Security Professional,NULL
CISM,Certified Information Security Manager,NULL
CCNA,Cisco Certified Network Associate,NULL
CRISC,Certified in Risk and Information Systems Control,NULL
CISM,Certified Information Security Manager,NULL
CISA,Certified Information Systems Auditor,NULL
CCNA,Cisco Certified Network Associate,NULL
CCNA,Cisco Certified Network Associate,NULL
CCNA,Cisco Certified Network Associate,NULL
CEH,Certified Ethical Hacker,NULL
CCSK,Certificate of Cloud Security Knowledge,NULL
CRISC,Certified in Risk and Information Systems Control,NULL
CISM,Certified Information Security Manager,NULL
CISSP,Certified Information Systems Security Professional,NULL
CRISC,Certified in Risk and Information Systems Control,NULL
CCNA,Cisco Certified Network Associate,NULL
CEH,Certified Ethical Hacker,NULL
CCNA,Cisco Certified Network Associate,NULL
CDPSE,Certified Data Privacy Solutions Engineer,NULL
CRISC,Certified in Risk and Information Systems Control,NULL
CISM,Certified Information Security Manager,NULL
CISA,Certified Information Systems Auditor,NULL
CISM,Certified Information Security Manager,NULL
CRISC,Certified in Risk and Information Systems Control,NULL
CISSP,Certified Information Systems Security Professional,NULL
CISM,Certified Information Security Manager,NULL
CEH,Certified Ethical Hacker,NULL
CEH,Certified Ethical Hacker,NULL
CEH,Certified Ethical Hacker,NULL
CCNA,Cisco Certified Network Associate,NULL
CCNA,Cisco Certified Network Associate,NULL
CCNA,Cisco Certified Network Associate,NULL
CEH,Certified Ethical Hacker,NULL
CCNA,Cisco Certified Network Associate,NULL
CCNA,Cisco Certified Network Associate,NULL
CEH,Certified Ethical Hacker,NULL
CRISC,Certified in Risk and Information Systems Control,NULL
CC,Crtified in Cybersecurity,NULL
CRISC,Certified in Risk and Information Systems Control,NULL
CISM,Certified Information Security Manager,NULL
CISSP,Certified Information Systems Security Professional,NULL
CCNA,Cisco Certified Network Associate,NULL
CISM,Certified Information Security Manager,NULL
CISA,Certified Information Systems Auditor,NULL
CISSP,Certified Information Systems Security Professional,NULL
CRISC,Certified in Risk and Information Systems Control,NULL
CISM,Certified Information Security Manager,NULL
CCNA,Cisco Certified Network Associate,NULL
CDPSE,Certified Data Privacy Solutions Engineer,NULL
CEH,Certified Ethical Hacker,NULL
CISM,Certified Information Security Manager,NULL
CRISC,Certified in Risk and Information Systems Control,NULL
CISM,Certified Information Security Manager,NULL
CEH,Certified Ethical Hacker,NULL
CEH,Certified Ethical Hacker,NULL
CCNA,Cisco Certified Network Associate,NULL
CDPSE,Certified Data Privacy Solutions Engineer,NULL
CEH,Certified Ethical Hacker,NULL
CISM,Certified Information Security Manager,NULL
CISA,Certified Information Systems Auditor,NULL
CEH,Certified Ethical Hacker,NULL
CCNA,Cisco Certified Network Associate,NULL
CC,Crtified in Cybersecurity,NULL
CEH,Certified Ethical Hacker,NULL
CEH,Certified Ethical Hacker,NULL
CC,Crtified in Cybersecurity,NULL
CEH,Certified Ethical Hacker,NULL
ACE,AccessData Certified Examiner,NULL
CEH,Certified Ethical Hacker,NULL
CEH,Certified Ethical Hacker,NULL
CRISC,Certified in Risk and Information Systems Control,NULL
CISM,Certified Information Security Manager,NULL
CISSP,Certified Information Systems Security Professional,NULL
CCNA,Cisco Certified Network Associate,NULL
CCNA,Cisco Certified Network Associate,NULL
CISA,Certified Information Systems Auditor,NULL
CISM,Certified Information Security Manager,NULL
CISA,Certified Information Systems Auditor,NULL
CISM,Certified Information Security Manager,NULL
CISSP,Certified Information Systems Security Professional,NULL
BCMS,Business Continuity Management Solution,NULL
CEH,Certified Ethical Hacker,NULL
CCNA,Cisco Certified Network Associate,NULL
CCNA,Cisco Certified Network Associate,NULL
CEH,Certified Ethical Hacker,NULL
CISM,Certified Information Security Manager,NULL
CDPSE,Certified Data Privacy Solutions Engineer,NULL
CEH,Certified Ethical Hacker,NULL
CRISC,Certified in Risk and Information Systems Control,NULL
CISM,Certified Information Security Manager,NULL
CISA,Certified Information Systems Auditor,NULL
CISSP,Certified Information Systems Security Professional,NULL
CCNA,Cisco Certified Network Associate,NULL
CCNA,Cisco Certified Network Associate,NULL
CISM,Certified Information Security Manager,NULL
CCNA,Cisco Certified Network Associate,NULL
CCNA,Cisco Certified Network Associate,NULL
CISM,Certified Information Security Manager,NULL
CCNA,Cisco Certified Network Associate,NULL
CCNA,Cisco Certified Network Associate,NULL
DCV,VMware Certified Professional - Data Center Virtualization 2021,NULL
CDPSE,Certified Data Privacy Solutions Engineer,NULL
CRISC,Certified in Risk and Information Systems Control,NULL
CISM,Certified Information Security Manager,NULL
CISA,Certified Information Systems Auditor,NULL
CEH,Certified Ethical Hacker,NULL
CCNA,Cisco Certified Network Associate,NULL
CCNA,Cisco Certified Network Associate,NULL
CEH,Certified Ethical Hacker,NULL
CISSP,Certified Information Systems Security Professional,NULL
CEH,Certified Ethical Hacker,NULL
CC,Crtified in Cybersecurity,NULL
CEH,Certified Ethical Hacker,NULL
AFA,Anti-Fraud Analyst,NULL
CEH,Certified Ethical Hacker,NULL
CC,Crtified in Cybersecurity,NULL
SMP-IAI,Introduction to Artificial Intelligence,NULL
CEH,Certified Ethical Hacker,NULL
CCNA,Cisco Certified Network Associate,NULL
CEH,Certified Ethical Hacker,NULL
CCNA,Cisco Certified Network Associate,NULL
CCNA,Cisco Certified Network Associate,NULL
CC,Crtified in Cybersecurity,NULL
CISM,Certified Information Security Manager,NULL
CEH,Certified Ethical Hacker,NULL
CRISC,Certified in Risk and Information Systems Control,NULL
CISM,Certified Information Security Manager,NULL
CISSP,Certified Information Systems Security Professional,NULL
CC,Crtified in Cybersecurity,NULL
CDPSE,Certified Data Privacy Solutions Engineer,NULL
CRISC,Certified in Risk and Information Systems Control,NULL
CISM,Certified Information Security Manager,NULL
CISA,Certified Information Systems Auditor,NULL
CCNA,Cisco Certified Network Associate,NULL
CCNA,Cisco Certified Network Associate,NULL
CCNA,Cisco Certified Network Associate,NULL
CEH,Certified Ethical Hacker,NULL
CEH,Certified Ethical Hacker,NULL
CCNA,Cisco Certified Network Associate,NULL
CCNA,Cisco Certified Network Associate,NULL
CEH,Certified Ethical Hacker,NULL
CCNA,Cisco Certified Network Associate,NULL
CISSP,Certified Information Systems Security Professional,NULL
CCNA,Cisco Certified Network Associate,NULL
CISM,Certified Information Security Manager,NULL
CCNA,Cisco Certified Network Associate,NULL
CISM,Certified Information Security Manager,NULL
CISM,Certified Information Security Manager,NULL
CISA,Certified Information Systems Auditor,NULL
SMP-IAI,Introduction to Artificial Intelligence,NULL
CCNA,Cisco Certified Network Associate,NULL
BCMS,Business Continuity Management Solution,NULL
CISM,Certified Information Security Manager,NULL
CISM,Certified Information Security Manager,NULL
CISM,Certified Information Security Manager,NULL
CISSP,Certified Information Systems Security Professional,NULL
CISSP,Certified Information Systems Security Professional,NULL
CC,Crtified in Cybersecurity,NULL
CC,Crtified in Cybersecurity,NULL
CEH,Certified Ethical Hacker,NULL
CEH,Certified Ethical Hacker,NULL
CCNA,Cisco Certified Network Associate,NULL
CCNA,Cisco Certified Network Associate,NULL
CCNA,Cisco Certified Network Associate,NULL
CEH,Certified Ethical Hacker,NULL
CEH,Certified Ethical Hacker,NULL
CCNA,Cisco Certified Network Associate,NULL
CEH,Certified Ethical Hacker,NULL
CISM,Certified Information Security Manager,NULL
CISSP,Certified Information Systems Security Professional,NULL
CCNA,Cisco Certified Network Associate,NULL
CEH,Certified Ethical Hacker,NULL
CEH,Certified Ethical Hacker,NULL
CCNA,Cisco Certified Network Associate,NULL
CCNA,Cisco Certified Network Associate,NULL
LDR,"LDR514: Security Strategic Planning, Policy, and Leadership",NULL
CDPSE,Certified Data Privacy Solutions Engineer,NULL
CEH,Certified Ethical Hacker,NULL
WASC,Web Application Scan Certified,NULL
NSE,Fortinet Network Security Expert Level 1: Certified Associate,NULL
ENG,General English Courses - Speaking and Accent Reduction,NULL
GAB,GIAC Advisory Board,NULL
GCC,GIAC Critical Controls Certification (GCCC),NULL
GDM,Google Digital Marketing Certification (40 Hours),NULL
GRC,GRC Course by Informa,NULL
I23,ISO 22301:2019 Lead Implementer - Security and Resilience Business Continuity Management System Requirements,NULL
IL2,ISO/IEC 27001:2022 Lead Implementer - Information Security Management System Requirements,NULL
MCF,McKinsey Forward Program,NULL
S56,SEC566: Implementing and Auditing CIS Critical Cybersecurity Controls,NULL
CCNA,Cisco Certified Network Associate,NULL
CCNA,Cisco Certified Network Associate,NULL
CCNA,Cisco Certified Network Associate,NULL
CobitFoundation,COBIT Foundation Certificate,NULL
SeCE,CompTIA Security+ ce Certification,NULL
CEH,Certified Ethical Hacker,NULL
CEH,Certified Ethical Hacker,NULL
SMP-IAI,Introduction to Artificial Intelligence,NULL
CISM,Certified Information Security Manager,NULL
CCNA,Cisco Certified Network Associate,NULL
CEH,Certified Ethical Hacker,NULL
ACPSM,Access Control and Physical Security Management,NULL
CISM,Certified Information Security Manager,NULL
CISM,Certified Information Security Manager,NULL
CCNA,Cisco Certified Network Associate,NULL
CCNA,Cisco Certified Network Associate,NULL
CEH,Certified Ethical Hacker,NULL
CEH,Certified Ethical Hacker,NULL
CCNA,Cisco Certified Network Associate,NULL
CISA,Certified Information Systems Auditor,NULL
CNDA,Certified Network Defense Architect,NULL
CC,Crtified in Cybersecurity,NULL
CCSK,Certificate of Cloud Security Knowledge,NULL
CCSK,Certificate of Cloud Security Knowledge,NULL
CCSK,Certificate of Cloud Security Knowledge,NULL
CISM,Certified Information Security Manager,NULL
CCNA,Cisco Certified Network Associate,NULL
CCNA,Cisco Certified Network Associate,NULL
CEH,Certified Ethical Hacker,NULL
CCNA,Cisco Certified Network Associate,NULL
CCNA,Cisco Certified Network Associate,NULL
CISA,Certified Information Systems Auditor,NULL
CISM,Certified Information Security Manager,NULL
CISA,Certified Information Systems Auditor,NULL
CCNA,Cisco Certified Network Associate,NULL
CRISC,Certified in Risk and Information Systems Control,NULL
CISM,Certified Information Security Manager,NULL
CEH,Certified Ethical Hacker,NULL
CISA,Certified Information Systems Auditor,NULL
CCNA,Cisco Certified Network Associate,NULL
CISA,Certified Information Systems Auditor,NULL
CISSP,Certified Information Systems Security Professional,NULL
CEH,Certified Ethical Hacker,NULL
CCNA,Cisco Certified Network Associate,NULL
CISM,Certified Information Security Manager,NULL
CCNA,Cisco Certified Network Associate,NULL
CEH,Certified Ethical Hacker,NULL
CEH,Certified Ethical Hacker,NULL
CCNA,Cisco Certified Network Associate,NULL
CISM,Certified Information Security Manager,NULL
CC,Crtified in Cybersecurity,NULL
CCNA,Cisco Certified Network Associate,NULL
CCNA,Cisco Certified Network Associate,NULL
CC,Crtified in Cybersecurity,NULL
CCNA,Cisco Certified Network Associate,NULL
CCNA,Cisco Certified Network Associate,NULL
CC,Crtified in Cybersecurity,NULL
CEH,Certified Ethical Hacker,NULL
CCNA,Cisco Certified Network Associate,NULL
CCNA,Cisco Certified Network Associate,NULL
CISM,Certified Information Security Manager,NULL
CISA,Certified Information Systems Auditor,NULL
CISSP,Certified Information Systems Security Professional,NULL
CCNA,Cisco Certified Network Associate,NULL
CCNA,Cisco Certified Network Associate,NULL
CEH,Certified Ethical Hacker,NULL
CCNA,Cisco Certified Network Associate,NULL
CEH,Certified Ethical Hacker,NULL
CRISC,Certified in Risk and Information Systems Control,NULL
CCNA,Cisco Certified Network Associate,NULL
CISM,Certified Information Security Manager,NULL
CISSP,Certified Information Systems Security Professional,NULL
CCNA,Cisco Certified Network Associate,NULL
CEH,Certified Ethical Hacker,NULL
CEH,Certified Ethical Hacker,NULL
CEH,Certified Ethical Hacker,NULL
CISA,Certified Information Systems Auditor,NULL
ADCI,AccessData Certified Investigator,NULL
CEH,Certified Ethical Hacker,NULL
CC,Crtified in Cybersecurity,NULL
CDPSE,Certified Data Privacy Solutions Engineer,NULL
CCNA,Cisco Certified Network Associate,NULL
CEH,Certified Ethical Hacker,NULL
CEH,Certified Ethical Hacker,NULL
CCNA,Cisco Certified Network Associate,NULL
CCNA,Cisco Certified Network Associate,NULL
CCNA,Cisco Certified Network Associate,NULL
CEH,Certified Ethical Hacker,NULL
CEH,Certified Ethical Hacker,NULL
CISA,Certified Information Systems Auditor,NULL
CISSP,Certified Information Systems Security Professional,NULL
CISM,Certified Information Security Manager,NULL
CISM,Certified Information Security Manager,NULL
CISSP,Certified Information Systems Security Professional,NULL
VPSE,Vectra Pre-Sales Security Engineers,NULL
VSP,Vectra Sales Professional,NULL
CEH,Certified Ethical Hacker,NULL
CISM,Certified Information Security Manager,NULL
CEH,Certified Ethical Hacker,NULL
CCNA,Cisco Certified Network Associate,NULL
CEH,Certified Ethical Hacker,NULL
CEH,Certified Ethical Hacker,NULL
CCNA,Cisco Certified Network Associate,NULL
CCNA,Cisco Certified Network Associate,NULL
CCNA,Cisco Certified Network Associate,NULL
ACDF,Autopsy Certified Digital Forensics,NULL
CEH,Certified Ethical Hacker,NULL
CCNA,Cisco Certified Network Associate,NULL
CCNA,Cisco Certified Network Associate,NULL
CEH,Certified Ethical Hacker,NULL
CCNA,Cisco Certified Network Associate,NULL
CEH,Certified Ethical Hacker,NULL
CCNA,Cisco Certified Network Associate,NULL
CEH,Certified Ethical Hacker,NULL
CISM,Certified Information Security Manager,NULL
CISSP,Certified Information Systems Security Professional,NULL
CISSP,Certified Information Systems Security Professional,NULL
CEH,Certified Ethical Hacker,NULL
CCNA,Cisco Certified Network Associate,NULL
CDPSE,Certified Data Privacy Solutions Engineer,NULL
CEH,Certified Ethical Hacker,NULL
CISA,Certified Information Systems Auditor,NULL
CISSP,Certified Information Systems Security Professional,NULL
CEH,Certified Ethical Hacker,NULL
CISM,Certified Information Security Manager,NULL
CISA,Certified Information Systems Auditor,NULL
CISSP,Certified Information Systems Security Professional,NULL
CISM,Certified Information Security Manager,NULL
CC,Crtified in Cybersecurity,NULL
CCNA,Cisco Certified Network Associate,NULL
CEH,Certified Ethical Hacker,NULL
CCNA,Cisco Certified Network Associate,NULL
CISM,Certified Information Security Manager,NULL
CCNA,Cisco Certified Network Associate,NULL
CEH,Certified Ethical Hacker,NULL
CC,Crtified in Cybersecurity,NULL
CRISC,Certified in Risk and Information Systems Control,NULL
CC,Crtified in Cybersecurity,NULL
CCNA,Cisco Certified Network Associate,NULL
ACE,AccessData Certified Examiner,NULL
CEH,Certified Ethical Hacker,NULL
CCNA,Cisco Certified Network Associate,NULL
CCNA,Cisco Certified Network Associate,NULL
CDPSE,Certified Data Privacy Solutions Engineer,NULL
CEH,Certified Ethical Hacker,NULL
CISM,Certified Information Security Manager,NULL
CISSP,Certified Information Systems Security Professional,NULL
CCNA,Cisco Certified Network Associate,NULL
CCNA,Cisco Certified Network Associate,NULL
CEH,Certified Ethical Hacker,NULL
CCNA,Cisco Certified Network Associate,NULL
CEH,Certified Ethical Hacker,NULL
CEH,Certified Ethical Hacker,NULL
CEH,Certified Ethical Hacker,NULL
CCNA,Cisco Certified Network Associate,NULL
CC,Crtified in Cybersecurity,NULL
CEH,Certified Ethical Hacker,NULL
CCNA,Cisco Certified Network Associate,NULL
CEH,Certified Ethical Hacker,NULL
CEH,Certified Ethical Hacker,NULL
CISSP,Certified Information Systems Security Professional,NULL
CCNA,Cisco Certified Network Associate,NULL
CCNA,Cisco Certified Network Associate,NULL
CCNA,Cisco Certified Network Associate,NULL
CEH,Certified Ethical Hacker,NULL
CEH,Certified Ethical Hacker,NULL
CEH,Certified Ethical Hacker,NULL
CCNA,Cisco Certified Network Associate,NULL
CEH,Certified Ethical Hacker,NULL
CEH,Certified Ethical Hacker,NULL
CEH,Certified Ethical Hacker,NULL
CCNA,Cisco Certified Network Associate,NULL
CCNA,Cisco Certified Network Associate,NULL
CDPSE,Certified Data Privacy Solutions Engineer,NULL
CEH,Certified Ethical Hacker,NULL
CCNA,Cisco Certified Network Associate,NULL
CDPSE,Certified Data Privacy Solutions Engineer,NULL
CDPSE,Certified Data Privacy Solutions Engineer,NULL
CEH,Certified Ethical Hacker,NULL
CRISC,Certified in Risk and Information Systems Control,NULL
CISM,Certified Information Security Manager,NULL
CISA,Certified Information Systems Auditor,NULL
CISSP,Certified Information Systems Security Professional,NULL
CRISC,Certified in Risk and Information Systems Control,NULL
CISM,Certified Information Security Manager,NULL
CISA,Certified Information Systems Auditor,NULL
CISSP,Certified Information Systems Security Professional,NULL
CISM,Certified Information Security Manager,NULL
CEH,Certified Ethical Hacker,NULL
BCMS,Business Continuity Management Solution,NULL
BCMS,Business Continuity Management Solution,NULL
CISM,Certified Information Security Manager,NULL
CCNA,Cisco Certified Network Associate,NULL
CRISC,Certified in Risk and Information Systems Control,NULL
CISM,Certified Information Security Manager,NULL
CISM,Certified Information Security Manager,NULL
ACE,AccessData Certified Examiner,NULL
CEH,Certified Ethical Hacker,NULL
CRISC,Certified in Risk and Information Systems Control,NULL
CISM,Certified Information Security Manager,NULL
CISA,Certified Information Systems Auditor,NULL
CEH,Certified Ethical Hacker,NULL
CISM,Certified Information Security Manager,NULL
CCNA,Cisco Certified Network Associate,NULL
CCNA,Cisco Certified Network Associate,NULL
CEH,Certified Ethical Hacker,NULL
CISSP,Certified Information Systems Security Professional,NULL
CISM,Certified Information Security Manager,NULL
CISA,Certified Information Systems Auditor,NULL
CISA ,Certified Information Systems Auditor,NULL
CISA ,Certified Information Systems Auditor,NULL
CISA ,Certified Information Systems Auditor,NULL
CISA ,Certified Information Systems Auditor,NULL
CISA ,Certified Information Systems Auditor,NULL
CISA ,Certified Information Systems Auditor,NULL
CISA ,Certified Information Systems Auditor,NULL
CCNA,Cisco Certified Network Associate,NULL
CEH,Certified Ethical Hacker,NULL
CISM,Certified Information Security Manager,NULL
CEH,Certified Ethical Hacker,NULL
CEH,Certified Ethical Hacker,NULL
CCNA,Cisco Certified Network Associate,NULL
CEH,Certified Ethical Hacker,NULL
CISM,Certified Information Security Manager,NULL
CDPSE,Certified Data Privacy Solutions Engineer,NULL
CRISC,Certified in Risk and Information Systems Control,NULL
CISM,Certified Information Security Manager,NULL
CEH,Certified Ethical Hacker,NULL
CEH ,Certified Ethical Hacker,NULL
CEH ,Certified Ethical Hacker,NULL
CCNA,Cisco Certified Network Associate,NULL
CCNA,Cisco Certified Network Associate,NULL
CCNA,Cisco Certified Network Associate,NULL
CISSP,Certified Information Systems Security Professional,NULL
CISSP ,Certified Information Systems Security Professional,NULL
CCNA,Cisco Certified Network Associate,NULL
CDPSE,Certified Data Privacy Solutions Engineer,NULL
CISM,Certified Information Security Manager,NULL
CISM ,Certified Information Security Manager,NULL
CCNA,Cisco Certified Network Associate,NULL
CCNA,Cisco Certified Network Associate,NULL
CEH,Certified Ethical Hacker,NULL
CRISC,Certified in Risk and Information Systems Control,NULL
CISM,Certified Information Security Manager,NULL
CCNA,Cisco Certified Network Associate,NULL
CEH,Certified Ethical Hacker,NULL
CCNA,Cisco Certified Network Associate,NULL
CRISC,Certified in Risk and Information Systems Control,NULL
CCNA,Cisco Certified Network Associate,NULL
CEH,Certified Ethical Hacker,NULL
CDPO,GDPR- Certified Data Protection Officer,NULL
CEH,Certified Ethical Hacker,NULL
CISM,Certified Information Security Manager,NULL
CCNA,Cisco Certified Network Associate,NULL
CEH,Certified Ethical Hacker,NULL
CCNA,Cisco Certified Network Associate,NULL
CEH,Certified Ethical Hacker,NULL
CEH,Certified Ethical Hacker,NULL
CCNA,Cisco Certified Network Associate,NULL
CCNA,Cisco Certified Network Associate,NULL
CEH,Certified Ethical Hacker,NULL
CISM,Certified Information Security Manager,NULL
CEH,Certified Ethical Hacker,NULL
CEH,Certified Ethical Hacker,NULL
CCNA,Cisco Certified Network Associate,NULL
CCNA,Cisco Certified Network Associate,NULL
CCNA,Cisco Certified Network Associate,NULL
CCNA,Cisco Certified Network Associate,NULL
CCNA,Cisco Certified Network Associate,NULL
CEH,Certified Ethical Hacker,NULL
CEH,Certified Ethical Hacker,NULL
CEH,Certified Ethical Hacker,NULL
CCNA,Cisco Certified Network Associate,NULL
CEH,Certified Ethical Hacker,NULL
CRISC,Certified in Risk and Information Systems Control,NULL
CISA,Certified Information Systems Auditor,NULL
CEH,Certified Ethical Hacker,NULL
CEH,Certified Ethical Hacker,NULL
CISM,Certified Information Security Manager,NULL
CEH,Certified Ethical Hacker,NULL
CCNA,Cisco Certified Network Associate,NULL
CEH,Certified Ethical Hacker,NULL
CEH,Certified Ethical Hacker,NULL
CC,Crtified in Cybersecurity,NULL
CEH,Certified Ethical Hacker,NULL
CCNA,Cisco Certified Network Associate,NULL
CCNA,Cisco Certified Network Associate,NULL
CC,Crtified in Cybersecurity,NULL
CCNA,Cisco Certified Network Associate,NULL
CCNA,Cisco Certified Network Associate,NULL
CCNA,Cisco Certified Network Associate,NULL
CEH,Certified Ethical Hacker,NULL
CCNA,Cisco Certified Network Associate,NULL
CEH,Certified Ethical Hacker,NULL
CCNA,Cisco Certified Network Associate,NULL
CCNA,Cisco Certified Network Associate,NULL
CCNA,Cisco Certified Network Associate,NULL
CISM,Certified Information Security Manager,NULL
CEH,Certified Ethical Hacker,NULL
CISA,Certified Information Systems Auditor,NULL
CISSP,Certified Information Systems Security Professional,NULL
CISSP,Certified Information Systems Security Professional,NULL
CISSP,Certified Information Systems Security Professional,NULL
CISSP,Certified Information Systems Security Professional,NULL
CEH,Certified Ethical Hacker,NULL
CISSP,Certified Information Systems Security Professional,NULL
CCNA,Cisco Certified Network Associate,NULL
CISM,Certified Information Security Manager,NULL
CISSP,Certified Information Systems Security Professional,NULL
CC,Crtified in Cybersecurity,NULL
CDPSE,Certified Data Privacy Solutions Engineer,NULL
CISSP,Certified Information Systems Security Professional,NULL
CCNA,Cisco Certified Network Associate,NULL
CISSP,Certified Information Systems Security Professional,NULL
CISSP,Certified Information Systems Security Professional,NULL
CCNA,Cisco Certified Network Associate,NULL
CISM,Certified Information Security Manager,NULL
CISSP,Certified Information Systems Security Professional,NULL
CISSP,Certified Information Systems Security Professional,NULL
CEH,Certified Ethical Hacker,NULL
CISSP,Certified Information Systems Security Professional,NULL
CISSP,Certified Information Systems Security Professional,NULL
CCNA,Cisco Certified Network Associate,NULL
CEH,Certified Ethical Hacker,NULL
CEH,Certified Ethical Hacker,NULL
CISSP,Certified Information Systems Security Professional,NULL
CISSP,Certified Information Systems Security Professional,NULL
CCNA,Cisco Certified Network Associate,NULL
CISM,Certified Information Security Manager,NULL
CISM,Certified Information Security Manager,NULL
CRISC,Certified in Risk and Information Systems Control,NULL
CCNA,Cisco Certified Network Associate,NULL
CISA,Certified Information Systems Auditor,NULL
CISSP,Certified Information Systems Security Professional,NULL
CRISC,Certified in Risk and Information Systems Control,NULL
CISM,Certified Information Security Manager,NULL
CRISC,Certified in Risk and Information Systems Control,NULL
CISM,Certified Information Security Manager,NULL
CISM,Certified Information Security Manager,NULL
CISSP,Certified Information Systems Security Professional,NULL
CISA,Certified Information Systems Auditor,NULL
BCMS,Business Continuity Management Solution,NULL
CISM,Certified Information Security Manager,NULL
CISSP,Certified Information Systems Security Professional,NULL
CRISC,Certified in Risk and Information Systems Control,NULL
CISM,Certified Information Security Manager,NULL
CISA,Certified Information Systems Auditor,NULL
CCNA,Cisco Certified Network Associate,NULL
CISSP,Certified Information Systems Security Professional,NULL
CEH,Certified Ethical Hacker,NULL
CEH,Certified Ethical Hacker,NULL
CISM,Certified Information Security Manager,NULL
CEH,Certified Ethical Hacker,NULL
CCNA,Cisco Certified Network Associate,NULL
CDPSE,Certified Data Privacy Solutions Engineer,NULL
CISM,Certified Information Security Manager,NULL
CISM,Certified Information Security Manager,NULL
CISA,Certified Information Systems Auditor,NULL
BCMS,Business Continuity Management Solution,NULL
BCMS,Business Continuity Management Solution,NULL
CRISC,Certified in Risk and Information Systems Control,NULL
CISM,Certified Information Security Manager,NULL
CISSP,Certified Information Systems Security Professional,NULL
CRISC,Certified in Risk and Information Systems Control,NULL
CCNA,Cisco Certified Network Associate,NULL
CCNA,Cisco Certified Network Associate,NULL
CCNA,Cisco Certified Network Associate,NULL
CEH,Certified Ethical Hacker,NULL
CCNA,Cisco Certified Network Associate,NULL
CCNA,Cisco Certified Network Associate,NULL
CEH,Certified Ethical Hacker,NULL
CISA,Certified Information Systems Auditor,NULL
CCNA,Cisco Certified Network Associate,NULL
CCNA,Cisco Certified Network Associate,NULL
CCNA,Cisco Certified Network Associate,NULL
CCNA,Cisco Certified Network Associate,NULL
CCNA,Cisco Certified Network Associate,NULL
CEH,Certified Ethical Hacker,NULL
CISM,Certified Information Security Manager,NULL
CISM,Certified Information Security Manager,NULL
CISM,Certified Information Security Manager,NULL
CISSP,Certified Information Systems Security Professional,NULL
CISSP,Certified Information Systems Security Professional,NULL
CCNA,Cisco Certified Network Associate,NULL
CEH,Certified Ethical Hacker,NULL
CISSP,Certified Information Systems Security Professional,NULL
CEH,Certified Ethical Hacker,NULL
CCNA,Cisco Certified Network Associate,NULL
CCNA,Cisco Certified Network Associate,NULL
CEH,Certified Ethical Hacker,NULL
CCNA,Cisco Certified Network Associate,NULL
CISSP,Certified Information Systems Security Professional,NULL
CCSK,Certificate of Cloud Security Knowledge,NULL
CDPSE,Certified Data Privacy Solutions Engineer,NULL
CISM,Certified Information Security Manager,NULL
CISM,Certified Information Security Manager,NULL
CEH,Certified Ethical Hacker,NULL
CEH,Certified Ethical Hacker,NULL
CISM,Certified Information Security Manager,NULL
CISM,Certified Information Security Manager,NULL
ACIA,ArcSight Certified Security Integrator/Administrator,NULL
CISSP,Certified Information Systems Security Professional,NULL
ACSA,ArcSight Certified Security Analyst,NULL
CEH,Certified Ethical Hacker,NULL
CCNA,Cisco Certified Network Associate,NULL
ACE,AccessData Certified Examiner,NULL
CISM,Certified Information Security Manager,NULL
CCNA,Cisco Certified Network Associate,NULL
CISA,Certified Information Systems Auditor,NULL
CISSP,Certified Information Systems Security Professional,NULL
CCNA,Cisco Certified Network Associate,NULL
CCNA,Cisco Certified Network Associate,NULL
CC,Crtified in Cybersecurity,NULL
CCNA,Cisco Certified Network Associate,NULL
CCNA,Cisco Certified Network Associate,NULL
CEH,Certified Ethical Hacker,NULL
CISM,Certified Information Security Manager,NULL
CCNA,Cisco Certified Network Associate,NULL
CISM,Certified Information Security Manager,NULL
CCNA,Cisco Certified Network Associate,NULL
CISM,Certified Information Security Manager,NULL
CISSP,Certified Information Systems Security Professional,NULL
CCNA,Cisco Certified Network Associate,NULL
CISM,Certified Information Security Manager,NULL
CISA,Certified Information Systems Auditor,NULL
CDPSE,Certified Data Privacy Solutions Engineer,NULL
CRISC,Certified in Risk and Information Systems Control,NULL
CISM,Certified Information Security Manager,NULL
CISM,Certified Information Security Manager,NULL
CISSP,Certified Information Systems Security Professional,NULL
CISSP,Certified Information Systems Security Professional,NULL
CC,Crtified in Cybersecurity,NULL
CEH,Certified Ethical Hacker,NULL
CRISC,Certified in Risk and Information Systems Control,NULL
CISM,Certified Information Security Manager,NULL
CCNA,Cisco Certified Network Associate,NULL
CISA,Certified Information Systems Auditor,NULL
CISSP,Certified Information Systems Security Professional,NULL
CISSP,Certified Information Systems Security Professional,NULL
CEH,Certified Ethical Hacker,NULL
CISM,Certified Information Security Manager,NULL
CCNA,Cisco Certified Network Associate,NULL
CEH,Certified Ethical Hacker,NULL
CRISC,Certified in Risk and Information Systems Control,NULL
CISM,Certified Information Security Manager,NULL
CISM,Certified Information Security Manager,NULL
CRISC,Certified in Risk and Information Systems Control,NULL
CISSP,Certified Information Systems Security Professional,NULL
CCNA,Cisco Certified Network Associate,NULL
CEH,Certified Ethical Hacker,NULL
CRISC,Certified in Risk and Information Systems Control,NULL
CISM,Certified Information Security Manager,NULL
CISSP,Certified Information Systems Security Professional,NULL
CISM,Certified Information Security Manager,NULL
CISSP,Certified Information Systems Security Professional,NULL
CEH,Certified Ethical Hacker,NULL
CRISC,Certified in Risk and Information Systems Control,NULL
CEH,Certified Ethical Hacker,NULL
CEH,Certified Ethical Hacker,NULL
CRISC,Certified in Risk and Information Systems Control,NULL
CISA,Certified Information Systems Auditor,NULL
CDPSE,Certified Data Privacy Solutions Engineer,NULL
CISM,Certified Information Security Manager,NULL
CISM,Certified Information Security Manager,NULL
CISM,Certified Information Security Manager,NULL
CCNA,Cisco Certified Network Associate,NULL
CISM,Certified Information Security Manager,NULL
CISM,Certified Information Security Manager,NULL
CEH,Certified Ethical Hacker,NULL
CISSP,Certified Information Systems Security Professional,NULL
CISM,Certified Information Security Manager,NULL
CISM,Certified Information Security Manager,NULL
CISA,Certified Information Systems Auditor,NULL
CISSP,Certified Information Systems Security Professional,NULL
CISM,Certified Information Security Manager,NULL
CCNA,Cisco Certified Network Associate,NULL
CEH,Certified Ethical Hacker,NULL
CCNA,Cisco Certified Network Associate,NULL
BCMS,Business Continuity Management Solution,NULL
CEH,Certified Ethical Hacker,NULL
CISM,Certified Information Security Manager,NULL
CISM,Certified Information Security Manager,NULL
CISA,Certified Information Systems Auditor,NULL
CISA,Certified Information Systems Auditor,NULL
CISSP,Certified Information Systems Security Professional,NULL
CISM,Certified Information Security Manager,NULL
CC,Crtified in Cybersecurity,NULL
CEH,Certified Ethical Hacker,NULL
CRISC,Certified in Risk and Information Systems Control,NULL
CISM,Certified Information Security Manager,NULL
CISA,Certified Information Systems Auditor,NULL
CISSP,Certified Information Systems Security Professional,NULL
CCNA,Cisco Certified Network Associate,NULL
CEH,Certified Ethical Hacker,NULL
CISM,Certified Information Security Manager,NULL
CCNA,Cisco Certified Network Associate,NULL
CRISC,Certified in Risk and Information Systems Control,NULL
CISM,Certified Information Security Manager,NULL
CISA,Certified Information Systems Auditor,NULL
CISSP,Certified Information Systems Security Professional,NULL
CCNA,Cisco Certified Network Associate,NULL
CEH,Certified Ethical Hacker,NULL
CISM,Certified Information Security Manager,NULL
CEH,Certified Ethical Hacker,NULL
CISM,Certified Information Security Manager,NULL
CISA,Certified Information Systems Auditor,NULL
CISSP,Certified Information Systems Security Professional,NULL
CCNA,Cisco Certified Network Associate,NULL
CISM,Certified Information Security Manager,NULL
CISSP,Certified Information Systems Security Professional,NULL
CCNA,Cisco Certified Network Associate,NULL
CISM,Certified Information Security Manager,NULL
CCNA,Cisco Certified Network Associate,NULL
CEH,Certified Ethical Hacker,NULL
CISM,Certified Information Security Manager,NULL
CISM,Certified Information Security Manager,NULL
CISM,Certified Information Security Manager,NULL
CISM,Certified Information Security Manager,NULL
CISSP,Certified Information Systems Security Professional,NULL
CRISC,Certified in Risk and Information Systems Control,NULL
CISM,Certified Information Security Manager,NULL
CRISC,Certified in Risk and Information Systems Control,NULL
CISM,Certified Information Security Manager,NULL
CISA,Certified Information Systems Auditor,NULL
CISSP,Certified Information Systems Security Professional,NULL
CCNA,Cisco Certified Network Associate,NULL
CDPSE,Certified Data Privacy Solutions Engineer,NULL
CISM,Certified Information Security Manager,NULL
CISM,Certified Information Security Manager,NULL
CISSP,Certified Information Systems Security Professional,NULL
CISSP,Certified Information Systems Security Professional,NULL
CCNA,Cisco Certified Network Associate,NULL
CISM,Certified Information Security Manager,NULL
CISA,Certified Information Systems Auditor,NULL
CCNA,Cisco Certified Network Associate,NULL
CEH,Certified Ethical Hacker,NULL
CISM,Certified Information Security Manager,NULL
CISA,Certified Information Systems Auditor,NULL
CISM,Certified Information Security Manager,NULL
CCNA,Cisco Certified Network Associate,NULL
CISM,Certified Information Security Manager,NULL
CISA,Certified Information Systems Auditor,NULL
CCNA,Cisco Certified Network Associate,NULL
CRISC,Certified in Risk and Information Systems Control,NULL
CISM,Certified Information Security Manager,NULL
CISA,Certified Information Systems Auditor,NULL
CRISC,Certified in Risk and Information Systems Control,NULL
CISM,Certified Information Security Manager,NULL
CISM,Certified Information Security Manager,NULL
CISSP,Certified Information Systems Security Professional,NULL
CRISC,Certified in Risk and Information Systems Control,NULL
CISSP,Certified Information Systems Security Professional,NULL
CCNA,Cisco Certified Network Associate,NULL
CRISC,Certified in Risk and Information Systems Control,NULL
CISM,Certified Information Security Manager,NULL
CISSP,Certified Information Systems Security Professional,NULL
CEH,Certified Ethical Hacker,NULL
CISM,Certified Information Security Manager,NULL
CCNA,Cisco Certified Network Associate,NULL
CDPSE,Certified Data Privacy Solutions Engineer,NULL
CEH,Certified Ethical Hacker,NULL
CISM,Certified Information Security Manager,NULL
CISA,Certified Information Systems Auditor,NULL
CISM,Certified Information Security Manager,NULL
CISM,Certified Information Security Manager,NULL
CCNA,Cisco Certified Network Associate,NULL
CCNA,Cisco Certified Network Associate,NULL
CISM,Certified Information Security Manager,NULL
CISM,Certified Information Security Manager,NULL
CISSP,Certified Information Systems Security Professional,NULL
BCMS,Business Continuity Management Solution,NULL
CRISC,Certified in Risk and Information Systems Control,NULL
CISM,Certified Information Security Manager,NULL
CRISC,Certified in Risk and Information Systems Control,NULL
CISM,Certified Information Security Manager,NULL
CISM,Certified Information Security Manager,NULL
CRISC,Certified in Risk and Information Systems Control,NULL
CISA,Certified Information Systems Auditor,NULL
CCNA,Cisco Certified Network Associate,NULL
CEH,Certified Ethical Hacker,NULL
CEH ,Certified Ethical Hacker,NULL
CISM,Certified Information Security Manager,NULL
CISM,Certified Information Security Manager,NULL
CISM,Certified Information Security Manager,NULL
CISA,Certified Information Systems Auditor,NULL
CISM,Certified Information Security Manager,NULL
CISA,Certified Information Systems Auditor,NULL
CISSP,Certified Information Systems Security Professional,NULL
CCNA,Cisco Certified Network Associate,NULL
CDPSE,Certified Data Privacy Solutions Engineer,NULL
CRISC,Certified in Risk and Information Systems Control,NULL
CISM,Certified Information Security Manager,NULL
CISA,Certified Information Systems Auditor,NULL
BCMS,Business Continuity Management Solution,NULL
CEH,Certified Ethical Hacker,NULL
CISM,Certified Information Security Manager,NULL
CISM,Certified Information Security Manager,NULL
CISM,Certified Information Security Manager,NULL
CCNA,Cisco Certified Network Associate,NULL
CISM,Certified Information Security Manager,NULL
CISSP,Certified Information Systems Security Professional,NULL
CRISC,Certified in Risk and Information Systems Control,NULL
CISSP,Certified Information Systems Security Professional,NULL
CCNA,Cisco Certified Network Associate,NULL
CISM,Certified Information Security Manager,NULL
CCNA,Cisco Certified Network Associate,NULL
CISM,Certified Information Security Manager,NULL
CISM,Certified Information Security Manager,NULL
CISSP,Certified Information Systems Security Professional,NULL
CISSP,Certified Information Systems Security Professional,NULL
CDPSE,Certified Data Privacy Solutions Engineer,NULL
CISM,Certified Information Security Manager,NULL
CISA,Certified Information Systems Auditor,NULL
CISSP,Certified Information Systems Security Professional,NULL
CISM,Certified Information Security Manager,NULL
CCNA,Cisco Certified Network Associate,NULL
CCSK,Certificate of Cloud Security Knowledge,NULL
CEH,Certified Ethical Hacker,NULL
CRISC,Certified in Risk and Information Systems Control,NULL
CISM,Certified Information Security Manager,NULL
CISSP,Certified Information Systems Security Professional,NULL
ACE,AccessData Certified Examiner,NULL
CRISC,Certified in Risk and Information Systems Control,NULL
CISM,Certified Information Security Manager,NULL
CEH,Certified Ethical Hacker,NULL
CISM,Certified Information Security Manager,NULL
CCNA,Cisco Certified Network Associate,NULL
CISM,Certified Information Security Manager,NULL
CISM,Certified Information Security Manager,NULL
CCNA,Cisco Certified Network Associate,NULL
CEH,Certified Ethical Hacker,NULL
CISM,Certified Information Security Manager,NULL
CISSP,Certified Information Systems Security Professional,NULL
ACCP,AWS Certified Cloud Practitioner,NULL
CISM,Certified Information Security Manager,NULL
CEH,Certified Ethical Hacker,NULL
CEH,Certified Ethical Hacker,NULL
CRISC,Certified in Risk and Information Systems Control,NULL
CISM,Certified Information Security Manager,NULL
CISA,Certified Information Systems Auditor,NULL
CCNA,Cisco Certified Network Associate,NULL
CISM,Certified Information Security Manager,NULL
CISSP,Certified Information Systems Security Professional,NULL
CCNA,Cisco Certified Network Associate,NULL
CISM,Certified Information Security Manager,NULL
CISSP,Certified Information Systems Security Professional,NULL
CCNA,Cisco Certified Network Associate,NULL
CCNA,Cisco Certified Network Associate,NULL
CEH,Certified Ethical Hacker,NULL
CISM,Certified Information Security Manager,NULL
CISSP,Certified Information Systems Security Professional,NULL
CISM,Certified Information Security Manager,NULL
CISA,Certified Information Systems Auditor,NULL
CCNA,Cisco Certified Network Associate,NULL
CISM,Certified Information Security Manager,NULL
CISM,Certified Information Security Manager,NULL
CISM,Certified Information Security Manager,NULL
CISM,Certified Information Security Manager,NULL
CISSP,Certified Information Systems Security Professional,NULL
CCNA,Cisco Certified Network Associate,NULL
CEH,Certified Ethical Hacker,NULL
CISM,Certified Information Security Manager,NULL
CISM,Certified Information Security Manager,NULL
CDPSE,Certified Data Privacy Solutions Engineer,NULL
CRISC,Certified in Risk and Information Systems Control,NULL
CISM,Certified Information Security Manager,NULL
CISSP,Certified Information Systems Security Professional,NULL
CISM,Certified Information Security Manager,NULL
CCNA,Cisco Certified Network Associate,NULL
CISM,Certified Information Security Manager,NULL
CISSP,Certified Information Systems Security Professional,NULL
CISSP,Certified Information Systems Security Professional,NULL
CCNA,Cisco Certified Network Associate,NULL
CRISC,Certified in Risk and Information Systems Control,NULL
CISM,Certified Information Security Manager,NULL
CISM,Certified Information Security Manager,NULL
CISM,Certified Information Security Manager,NULL
CISSP,Certified Information Systems Security Professional,NULL
CDPSE,Certified Data Privacy Solutions Engineer,NULL
CISM,Certified Information Security Manager,NULL
CISSP,Certified Information Systems Security Professional,NULL
CRISC,Certified in Risk and Information Systems Control,NULL
CISM,Certified Information Security Manager,NULL
CISM,Certified Information Security Manager,NULL
CISA,Certified Information Systems Auditor,NULL
CISM,Certified Information Security Manager,NULL
CISM,Certified Information Security Manager,NULL
CISM,Certified Information Security Manager,NULL
CISM,Certified Information Security Manager,NULL
CISA,Certified Information Systems Auditor,NULL
CRISC,Certified in Risk and Information Systems Control,NULL
CISM,Certified Information Security Manager,NULL
CISM,Certified Information Security Manager,NULL
CISA,Certified Information Systems Auditor,NULL
CCNA,Cisco Certified Network Associate,NULL
CEH,Certified Ethical Hacker,NULL
CEH,Certified Ethical Hacker,NULL
CISM,Certified Information Security Manager,NULL
CISSP,Certified Information Systems Security Professional,NULL
CISSP,Certified Information Systems Security Professional,NULL
CCNA,Cisco Certified Network Associate,NULL
CEH,Certified Ethical Hacker,NULL
CISM,Certified Information Security Manager,NULL
CCNA,Cisco Certified Network Associate,NULL
CISM,Certified Information Security Manager,NULL
CCNA,Cisco Certified Network Associate,NULL
CRISC,Certified in Risk and Information Systems Control,NULL
CISM,Certified Information Security Manager,NULL
CISSP,Certified Information Systems Security Professional,NULL
CISM,Certified Information Security Manager,NULL
CISSP,Certified Information Systems Security Professional,NULL
CISM,Certified Information Security Manager,NULL
CISM,Certified Information Security Manager,NULL
CISSP,Certified Information Systems Security Professional,NULL
CRISC,Certified in Risk and Information Systems Control,NULL
CISM,Certified Information Security Manager,NULL
CISM,Certified Information Security Manager,NULL
CISSP,Certified Information Systems Security Professional,NULL
CISM,Certified Information Security Manager,NULL
CRISC,Certified in Risk and Information Systems Control,NULL
CISSP,Certified Information Systems Security Professional,NULL
CISM,Certified Information Security Manager,NULL
CISM,Certified Information Security Manager,NULL
CISA,Certified Information Systems Auditor,NULL
CCNA,Cisco Certified Network Associate,NULL
CCNA,Cisco Certified Network Associate,NULL
CEH,Certified Ethical Hacker,NULL
CEH,Certified Ethical Hacker,NULL
CISM,Certified Information Security Manager,NULL
CISM,Certified Information Security Manager,NULL
CISA,Certified Information Systems Auditor,NULL
CISM,Certified Information Security Manager,NULL
CISSP,Certified Information Systems Security Professional,NULL
CCNA,Cisco Certified Network Associate,NULL
CISM,Certified Information Security Manager,NULL
CEH,Certified Ethical Hacker,NULL
CISM,Certified Information Security Manager,NULL
CISM,Certified Information Security Manager,NULL
CISSP,Certified Information Systems Security Professional,NULL
CCNA,Cisco Certified Network Associate,NULL
CISA,Certified Information Systems Auditor,NULL
CISM,Certified Information Security Manager,NULL
CISSP,Certified Information Systems Security Professional,NULL
CDPSE,Certified Data Privacy Solutions Engineer,NULL
CISM,Certified Information Security Manager,NULL
CCNA,Cisco Certified Network Associate,NULL
CISM,Certified Information Security Manager,NULL
CISM,Certified Information Security Manager,NULL
CCNA,Cisco Certified Network Associate,NULL
CISA,Certified Information Systems Auditor,NULL
CISM,Certified Information Security Manager,NULL
CISA,Certified Information Systems Auditor,NULL
CCNA,Cisco Certified Network Associate,NULL
CRISC,Certified in Risk and Information Systems Control,NULL
CISM,Certified Information Security Manager,NULL
